atributo,polaridad,producto,ejemplo
bateria,positiva,Motorola G32,"Es un espect√°culo, como lo imagin√© y mucho m√°s, la c√°mara es espectacular, fino, delicado, veloz, buena pantalla, la verdad nada negativo, espero q este comentario los ayude a decidir, sinceramente una belleza, la bater√≠a dura mucho tiempo, eso q le ..."
bateria,positiva,Motorola G32,"Muy bien celular en relaci√≥n precio y calidad. √önica observaci√≥n es que la bater√≠a no dura mucho, si se usa mucho no llega al d√≠a, se descarga un 1% con tres minutos de uso. Led recomiendo cuidar la bater√≠a desde el d√≠a uno: no dejar que la bater√≠a l..."
bateria,positiva,Motorola G32,"Muy conforme con el mot g 32. Velocidad s√∫per. Camara excelente. La bater√≠a dura 2 d√≠as con uso normal. No me arrepiento de haberlo comprado y lo recomiendo porque trae cargador y funda, as√≠ no tenes gastos extras !."
bateria,positiva,Motorola G32,El tel√©fono es rapid√≠simo para realizar todas las tareas (aclaro que no lo uso para juegos). La bater√≠a dura un mont√≥n y adem√°s carga muy r√°pido tambi√©n. Las c√°maras bastante bien y mejoran todav√≠a m√°s instalando la gcam. Mejor relaci√≥n calidad preci...
bateria,positiva,Motorola G32,"Motorola nada m√°s que decir. Calidad de gama media baja, no esperes gran cosa de la c√°mara. Buena bater√≠a , sonido 10/10, c√≥modo."
bateria,positiva,Motorola G32,"Es un tel√©fono que te salva, ten√≠a un g8 y no hay diferencia, la bater√≠a dura 24, no us√°ndolo mucho, en este sentido esperaba que durara m√°s. El sonido es bueno. Y la c√°mara no me deslumbra."
bateria,positiva,Motorola G32,"Hace una semana que lo tengo as√≠ que mucho no puedo opinar, pero vamos muy bien solo la bater√≠a no dura mucho. Pero ah√≠ vamos."
bateria,positiva,Motorola G32,Buena relaci√≥n calidad-precio. No lo uso para jugar. Redes sociales y llamadas. La bater√≠a realmente dura mucho. Mucha memoria. Recomendable.
bateria,positiva,Motorola G32,"Buen producto calidad precio. No es el m√°s b√°sico ni tiene las peores c√°maras como los nuevos que tienen el mismo precio. Es bastante completo para el segmento y la bater√≠a dura m√°s de un d√≠a en uso extremo sin privarse de juegos, c√°maras, llamadas o..."
bateria,positiva,Motorola G32,"Muy recomendable, tiene una muy buena bater√≠a y un cargador incre√≠ble que es de 33w que carga en una hora y media m√°s o menos y te dura para todo el d√≠a, anda muy fluido y anda bien para los juegos, la verdad muy buenoüëçüèº."
bateria,positiva,Motorola G32,"Para el precio es muy buen equipo, el tema don las actualizaciones, cada vez que lo encendes entra a cualquier app, la bater√≠a dura un d√≠a y un poco y eso que lo utiliz√≥ poco. Es un equipo recomendable para un uso medido."
bateria,positiva,Motorola G32,"En general estoy muy conforme con el celular, no le pongo todo 5 porque pens√© que la bater√≠a durar√≠a m√°s (o sea dura bastante, est√° bueno, pero cre√≠a que diaria m√°s) y la c√°mara es genial solo que no deja de ser una c√°mara de celular. Reitero, son cr..."
bateria,positiva,Motorola G32,Lo mas lindo es la c√°mara. La bateria dura bastante.
bateria,positiva,Motorola G32,"Lo compr√© para regalar, as√≠ que no puedo dar mayores datos. Me comentan que funciona bien, la bater√≠a dura lo esperado y tiene buena recepci√≥n."
bateria,positiva,Motorola G32,Buena relaci√≥n precio calida todo seg√∫n lo esperado funciona muy bien es r√°pido y la bater√≠a dura un mont√≥n.
bateria,positiva,Motorola G32,"Buena relaci√≥n precio calidad,cumple su funci√≥n. Buena bater√≠a."
bateria,positiva,Motorola G32,Esta bueno el celular noto que la bater√≠a no dura mucho lo dem√°s todav√≠a lo estoy descubriendo.
bateria,positiva,Motorola G32,"Tuve un problema con un parlante, el audio cuando lo escuchas al oido se escucha como con interferencia. Crei que la bateria duraba mas pero est√° re bien, carga en dos pedos. La camara est√° genial y la velocidad del dispositivo esta bastante bien, pe..."
bateria,positiva,Samsung A15,"Esta muy lindo. La c√°mara linda ,la bater√≠a dura un d√≠a con uso !! x el precio es muy bueno üëå lastima vino con un cable usb solo pero es un detalle no. Mas."
bateria,positiva,Samsung A15,El producto esta muy bueno lo √∫nico que no le dura mucho la bater√≠a.
bateria,positiva,Samsung A15,"Tiene menos de una semana. Esperaba que sea m√°s grande, y ojo que la bater√≠a no dura mucho, dura lo mismo que un promedio. Esperaba que sea m√°s rendidor. Tiene buena c√°mara. Viene con el cable usb pero sin adaptador, hay que comprarle aparte."
bateria,positiva,Samsung A15,"Excelente celular por el precio , buena bater√≠a, saca fotos buenas , y los m√°s que me encanta es que tiene nfc üëå."
bateria,positiva,Samsung A15,"Trabajo en herrer√≠a, necesitaba un celu para guerrear el d√≠a a d√≠a, buena c√°mara para las redes y hacer publicidad. Hace 1 mes lo tengo y la verdad b√°rbaro. No trae cargador, asi que tuve que gastar en uno $35 000 y lo carga rapid√≠simo. Dura todo el ..."
bateria,positiva,Samsung A15,"La bater√≠a dura mucho, excelente pantalla amoled, en ese rango de precio es de lejos la mejor pantalla. El nfc es un bueno adicional tambi√©n. El lector de huellas funciona muy bien. No tiene gorila glass y los 4gb de ram se notan, si abris youtube y ..."
bateria,positiva,Samsung A15,Muy buena bater√≠a memoria y calidad de imagen.
bateria,positiva,Samsung A15,"La verdad lo tengo hace una semana y funciona muy bien si lo queres por la c√°mara este no es tu cel , la bater√≠a dura un mont√≥n muy buena."
bateria,positiva,Samsung A15,Es un celu medio pelo para zafar funciona. La bater√≠a dura casi 2 d√≠as es normal est√©ticamente hablando. No trae cargador es un garr√≥n.
bateria,positiva,Samsung A15,No me agradan los colores de las fotos. La bater√≠a no dura mucho cargada. Tengo que recargar una vez al d√≠a con un uso medianamente moderado del aparato.
bateria,positiva,Samsung A15,"Me gusta pero no me encanta. La bater√≠a dura poco, fotos saca medio pelo. No es lo que esperaba."
bateria,positiva,Samsung A15,"Disconforme. La bater√≠a dura todo el d√≠a, pero igual dura la de mi tel√©fono viejo q tiene 3 a√±os. Se pone lento con poco."
bateria,positiva,Samsung A15,"Excelente equipo nunca compro samsung por el sistema que tiene y no me equivoque en eso ya que viene con muchas apps instaladas, pero se las puede desinstalar, para sorpresa mia anda muy bien, fluido, la bateria dura todo el dia, y la camara en video..."
bateria,positiva,Samsung A15,"La c√°mara no es muy buena, la bater√≠a dura mucho dem√°s funciones cumple bastante bien."
bateria,positiva,Samsung A15,"Esta bien previo calidad ,bater√≠a dura un dia , y no trae cargador."
bateria,positiva,Samsung A15,La bater√≠a dura muy poco! hasta pens√© en devolverlo pero es un l√≠o.
bateria,positiva,Samsung A15,"No muy bueno, la bater√≠a dura poco , y el cable del cargador, no es r√°pido."
bateria,positiva,Samsung A15,El producto est√° bueno pero por lo menos un cargador por que son muy saladitos precio calidad esta bien no un 10 pero bien duraci√≥n de bater√≠a maso nomas no dura mucho no llega a 24 hs pero lo dem√°s bien.
bateria,positiva,Samsung A15,"El producto me parece ineficiente, lo tuve que comprar porque se me rompi√≥ el otro celular y la verdad que el celular no anda ni la mitas que el g52 que tenia antes, el celular cada tanto se tilda, la bater√≠a no me dura todo el d√≠a y que venga sin ca..."
bateria,positiva,Samsung A15,La bater√≠a dura poco.
bateria,positiva,Samsung A15,No dura mucho tiempo la bater√≠a.
bateria,negativa,Samsung A15,"No es lo que esperaba. Siempre he usado samsung, pero este no dura nada la bater√≠a y cdo pongo a cargar. El cargador recalienta."
bateria,negativa,Samsung A15,"Me gusta pero no me encanta. La bater√≠a dura poco, fotos saca medio pelo. No es lo que esperaba."
bateria,negativa,Samsung A15,"No muy bueno, la bater√≠a dura poco , y el cable del cargador, no es r√°pido."
bateria,negativa,Samsung A15,La bater√≠a dura poco.
bateria,negativa,Samsung A15,Se tilda mucho y la bateria no dura nada.
camara,positiva,Motorola G32,"Muy conforme con el mot g 32. Velocidad s√∫per. Camara excelente. La bater√≠a dura 2 d√≠as con uso normal. No me arrepiento de haberlo comprado y lo recomiendo porque trae cargador y funda, as√≠ no tenes gastos extras !."
camara,positiva,Motorola G32,"A las 3am saque est√° foto, y escuch√© a varios que de noche no saca buenas fotos."
camara,positiva,Motorola G32,"Buen celu, saca buenas fotos y video si lo sabes usar. Te recomiendo davinci resolve para editar y descargar una app profesional para controlar los parametros de exposicion, etc yo uso mcpro24fps."
camara,positiva,Motorola G32,La verdad tiene buena c√°mara y es r√°pido a la hora de buscar o bajar aplicaciones excelente.
camara,positiva,Motorola G32,"No es muy fluido, buena c√°mara y buena capacidad. La bater√≠a no esta durando tanto como deberia. Tal vez deba revisarle las configuraciones, tengo que usarlo un poco mas. En lineas grales esta bien."
camara,positiva,Samsung A15,"Esta muy lindo, tiene buena c√°mara. Lo √∫nico malo, que no trae cargador y es algo que deber√≠a tener porque es parte del equipo."
camara,positiva,Samsung A15,Acorde al precio muy buena camara y prestaciones.
camara,positiva,Samsung A15,"Tiene menos de una semana. Esperaba que sea m√°s grande, y ojo que la bater√≠a no dura mucho, dura lo mismo que un promedio. Esperaba que sea m√°s rendidor. Tiene buena c√°mara. Viene con el cable usb pero sin adaptador, hay que comprarle aparte."
camara,positiva,Samsung A15,"Buscaba un celular de gama media con m√°s memoria y buena c√°mara. La verdad estoy muy conforme, es lo que necesitaba."
camara,positiva,Samsung A15,"Hace menos de un mes que lo tengo y hasta ahora me parece un excelente equipo, sin gastar demasiado es muy buen celular. La definici√≥n de pantalla es s√∫per n√≠tida, es ligero con las apps y me encanta el dise√±o en general, la c√°mara de 50mpx si bien n..."
camara,positiva,Samsung A15,Es um celular que saca buenas fotos( motivo por lo que lo compr√© y por la capacidad de guardar datos). No trae cargador y se descarga r√°pido.
camara,positiva,Samsung A15,"Muy buena c√°mara y gran duraci√≥n de la bater√≠a. L√°stima no trae cargador, que es parte del equipo y aunque parece un dato menor es un gasto m√°s. Por eso no le doy cinco puntos."
camara,positiva,Samsung A15,"Buen producto, muy buena c√°mara tiene."
camara,positiva,Samsung A15,"Trabajo en herrer√≠a, necesitaba un celu para guerrear el d√≠a a d√≠a, buena c√°mara para las redes y hacer publicidad. Hace 1 mes lo tengo y la verdad b√°rbaro. No trae cargador, asi que tuve que gastar en uno $35 000 y lo carga rapid√≠simo. Dura todo el ..."
camara,positiva,Samsung A15,Muy buena calidad. Llevo una semana us√°ndolo. Muy buena c√°mara y sonido. Buena resoluci√≥n de pantalla y t√°ctil. Lo mejor.
camara,positiva,Samsung A15,"El tel√©fono se lo compro mi hermana, esta muy bueno. Lo malo es que trae un cable con doble ficha c y no viene con la cuna para ese tipo de cable, as√≠ que tenes que comprar uno. El celu anda muy bien y tiene buena c√°mara."
cargador,positiva,Motorola G32,"Viene con cargador, protectores de celular y pantalla. Por el costo, no hay nada cercano en calidad en otras marcas."
cargador,positiva,Motorola G32,"Muy conforme con el mot g 32. Velocidad s√∫per. Camara excelente. La bater√≠a dura 2 d√≠as con uso normal. No me arrepiento de haberlo comprado y lo recomiendo porque trae cargador y funda, as√≠ no tenes gastos extras !."
cargador,positiva,Samsung A15,"No trae cargador!!!!! osea que aunque parezca menor, hay que hacer un gasto m√°s."
cargador,positiva,Samsung A15,"Esta muy lindo, tiene buena c√°mara. Lo √∫nico malo, que no trae cargador y es algo que deber√≠a tener porque es parte del equipo."
cargador,positiva,Samsung A15,"Reci√©n lo estoy usando, no puedo calificar que tan bueno es, lastima que no trae cargador."
cargador,positiva,Samsung A15,"Se ve muy bueno, el sistema copia todo de tu celular anterior con facilidad. Noble doy m√°s punta je porque no trae cargador. Me parece de cuarta comprar un celular que funciona a bater√≠a y que no traiga su cargador. Pat√©tico. Una pena xq de o contrar..."
cargador,positiva,Samsung A15,"No trae cargador , por el precio cualquier celular de ese precio lo trae , samsung dejo de ser el mejor."
cargador,positiva,Samsung A15,"Muy buen tel√©fono, lo √∫nico que no trae cargador, tendr√≠an que agregarlo."
cargador,positiva,Samsung A15,La camara es mala. Es medio lento. No trae cargador ni auriculares lo cual me parece muy malo.
cargador,positiva,Samsung A15,"El precio en relaci√≥n al producto es accesible. Lo malo y para criticar ser√≠a que no trae cargador ni funda, lo que con motorola no sucede. Cada vez los equipos traen menos accesorios."
cargador,positiva,Samsung A15,Me molesto que no venga con cargador.
cargador,positiva,Samsung A15,El tel√©fono se recalienta y no viene con cargador trae un cable q obligado hay q comprar un cargador q sale 100$ m√°s la verdad no me gust√≥.
cargador,positiva,Samsung A15,La verdad estoy disconforme ya que el producto no vino con cargador y en ning√∫n lado lo especifica. De haber sabido que no ven√≠a con cargador no realizaba la compra ya que todos los tel√©fonos incluyen cargador.
cargador,positiva,Samsung A15,No trae cargador.
cargador,positiva,Samsung A15,"Lo unico malo q no trae cargador, hay q hacer un gasto aparte."
cargador,positiva,Samsung A15,Es um celular que saca buenas fotos( motivo por lo que lo compr√© y por la capacidad de guardar datos). No trae cargador y se descarga r√°pido.
cargador,positiva,Samsung A15,"Muy buena c√°mara y gran duraci√≥n de la bater√≠a. L√°stima no trae cargador, que es parte del equipo y aunque parece un dato menor es un gasto m√°s. Por eso no le doy cinco puntos."
cargador,positiva,Samsung A15,Lindo el celular pero no sab√≠a que no ven√≠a con cargador! era un regalo para m√≠ hermana.
cargador,positiva,Samsung A15,No lo voy a recomendar no trae cargador alguien me dice como lo cargo tengo que salir a comprar un cargador.
cargador,positiva,Samsung A15,"Trabajo en herrer√≠a, necesitaba un celu para guerrear el d√≠a a d√≠a, buena c√°mara para las redes y hacer publicidad. Hace 1 mes lo tengo y la verdad b√°rbaro. No trae cargador, asi que tuve que gastar en uno $35 000 y lo carga rapid√≠simo. Dura todo el ..."
cargador,positiva,Samsung A15,Es buen producto. Lo √∫nico para decir es que no trae cargador.
cargador,positiva,Samsung A15,"Muy lindo equipo, lo √∫nico malo es que no trae cargador."
cargador,positiva,Samsung A15,Es un celu medio pelo para zafar funciona. La bater√≠a dura casi 2 d√≠as es normal est√©ticamente hablando. No trae cargador es un garr√≥n.
cargador,positiva,Samsung A15,Muy bueno pero lo malo es que no trae cargador ni aud√≠fonos.
cargador,positiva,Samsung A15,Todo correcto el tel√©fono pero no trae cargador ratas.
cargador,positiva,Samsung A15,"No trae cargador, viene solo con el cable usado!!!."
cargador,positiva,Samsung A15,Todo muy lindo pero no trae cargador.
cargador,positiva,Samsung A15,M√°s de 300 mil y no trae cargador.
cargador,positiva,Samsung A15,"Muy bueno, l√°stima q ya no viene con cargador."
cargador,positiva,Samsung A15,"Calidad precio sin duda. Lastima que no trae cargador. El resto, muy bueno."
cargador,positiva,Samsung A15,Lo √∫nico malo es que no viene con cargador!!!!.
cargador,positiva,Samsung A15,Me pareci√≥ un exelente producto. Solamente no se entiende por qu√© no trae cargador. .
cargador,positiva,Samsung A15,"Buenoo, pero no puede venir sin cargador!! dejen de robarnos !!!!!!!! antes ven√≠an con cargador, auriculares y cable usb. Muy capitalistas se volvieron."
cargador,positiva,Samsung A15,Le falta el cargador si igual se paga. Si trae cargador.
cargador,positiva,Samsung A15,"Tendr√≠an que avisar que no trae cargador ,muy decepcionado,el cargador es fundamental,enojado."
cargador,positiva,Samsung A15,"Excelente producto,lo √∫nico malo, no trae cargador."
cargador,positiva,Samsung A15,Hola. No trae cargador y no dice las caracter√≠sticas que debe tener. Chau.
cargador,positiva,Samsung A15,"Esta bien previo calidad ,bater√≠a dura un dia , y no trae cargador."
cargador,positiva,Samsung A15,Le doy 3 estrellas por qu√© no trae cargador y no me gusta gastar de m√°s por un producto que de fabrica tiene que tener cargador.
cargador,positiva,Samsung A15,Safa lo malo que no viene con cargador.
cargador,positiva,Samsung A15,"Es un buen producto, lo malo que no trae cargador y trae un cable que no sirve para conectar con otro cargador."
cargador,negativa,Samsung A15,"No trae cargador!!!!! osea que aunque parezca menor, hay que hacer un gasto m√°s."
cargador,negativa,Samsung A15,"Esta muy lindo, tiene buena c√°mara. Lo √∫nico malo, que no trae cargador y es algo que deber√≠a tener porque es parte del equipo."
cargador,negativa,Samsung A15,"Reci√©n lo estoy usando, no puedo calificar que tan bueno es, lastima que no trae cargador."
cargador,negativa,Samsung A15,"Se ve muy bueno, el sistema copia todo de tu celular anterior con facilidad. Noble doy m√°s punta je porque no trae cargador. Me parece de cuarta comprar un celular que funciona a bater√≠a y que no traiga su cargador. Pat√©tico. Una pena xq de o contrar..."
cargador,negativa,Samsung A15,Caja da√±ado y sin cargador.
cargador,negativa,Samsung A15,"Me vino sin cargador, as√≠ vienen ahora?."
cargador,negativa,Samsung A15,"No trae cargador , por el precio cualquier celular de ese precio lo trae , samsung dejo de ser el mejor."
cargador,negativa,Samsung A15,El tel√©fono bien pero vino sin cargador y el cable que es lo √∫nico que vino con el tel√©fono no sirve vino con las dos entradas iguales.
cargador,negativa,Samsung A15,Sin cargador.
cargador,negativa,Samsung A15,Esta bueno del celu lo malo que viene sin cargador!!.
cargador,negativa,Samsung A15,"Muy bueno y rapido, gran capacidad de bateria, viene sin cargador."
cargador,negativa,Samsung A15,"Muy buen tel√©fono, lo √∫nico que no trae cargador, tendr√≠an que agregarlo."
cargador,negativa,Samsung A15,Muy conforme con el producto. Excelente estado. Puntos en contra el que no traiga cargador. S√≥lo cable.
cargador,negativa,Samsung A15,"El tcelu parec√≠a re lindo ,al mes se bloque√≥ solo y no hab√≠a forma de desbloquearlo lo tuve que recetear y no anda muy bien ahora ,y eso que viene sin cargador es por algo no ????? no lo recomiendo."
cargador,negativa,Samsung A15,La camara es mala. Es medio lento. No trae cargador ni auriculares lo cual me parece muy malo.
cargador,negativa,Samsung A15,"El precio en relaci√≥n al producto es accesible. Lo malo y para criticar ser√≠a que no trae cargador ni funda, lo que con motorola no sucede. Cada vez los equipos traen menos accesorios."
cargador,negativa,Samsung A15,"Vino sin cargador , no avisaron en ning√∫n lado."
cargador,negativa,Samsung A15,"Malisimo ,y encima me viene sin cargador ,voy a acer una denuncia en defensa al consumidor."
cargador,negativa,Samsung A15,Es um celular que saca buenas fotos( motivo por lo que lo compr√© y por la capacidad de guardar datos). No trae cargador y se descarga r√°pido.
cargador,negativa,Samsung A15,"Muy buena c√°mara y gran duraci√≥n de la bater√≠a. L√°stima no trae cargador, que es parte del equipo y aunque parece un dato menor es un gasto m√°s. Por eso no le doy cinco puntos."
cargador,negativa,Samsung A15,"Lo unico malo q no trae cargador, hay q hacer un gasto aparte."
cargador,negativa,Samsung A15,No trae cargador.
cargador,negativa,Samsung A15,Muy bueno. R√°pido. No le puse 4 estrellas porque viene sin cargador.
cargador,negativa,Samsung A15,No lo voy a recomendar no trae cargador alguien me dice como lo cargo tengo que salir a comprar un cargador.
cargador,negativa,Samsung A15,Me pareci√≥ un exelente producto. Solamente no se entiende por qu√© no trae cargador. .
cargador,negativa,Samsung A15,Todo correcto el tel√©fono pero no trae cargador ratas.
cargador,negativa,Samsung A15,Muy bueno pero lo malo es que no trae cargador ni aud√≠fonos.
cargador,negativa,Samsung A15,Cuatro estrellas por qu√© vino sin cargador.
cargador,negativa,Samsung A15,"Por ahora todo bien. Muy rata samsung vendiendo ahora celulares sin cargador, pero el resto todo en orden, est√° bueno el equipo."
cargador,negativa,Samsung A15,"Trabajo en herrer√≠a, necesitaba un celu para guerrear el d√≠a a d√≠a, buena c√°mara para las redes y hacer publicidad. Hace 1 mes lo tengo y la verdad b√°rbaro. No trae cargador, asi que tuve que gastar en uno $35 000 y lo carga rapid√≠simo. Dura todo el ..."
cargador,negativa,Samsung A15,Es un celu medio pelo para zafar funciona. La bater√≠a dura casi 2 d√≠as es normal est√©ticamente hablando. No trae cargador es un garr√≥n.
cargador,negativa,Samsung A15,Lo compre y no le√≠ que venia sin cargador!!! deber√≠a traer en mi opini√≥n. Lo dem√°s todo bien.
cargador,negativa,Samsung A15,"Muy lindo equipo, lo √∫nico malo es que no trae cargador."
cargador,negativa,Samsung A15,Lo malo y no te dicen nada es que viene sin cargador.
cargador,negativa,Samsung A15,Es buen producto. Lo √∫nico para decir es que no trae cargador.
cargador,negativa,Samsung A15,"Calidad precio sin duda. Lastima que no trae cargador. El resto, muy bueno."
cargador,negativa,Samsung A15,Hasta ahora muy bueno lo √∫nico malo es que viene sin cargador.
cargador,negativa,Samsung A15,"Tendr√≠an que avisar que no trae cargador ,muy decepcionado,el cargador es fundamental,enojado."
cargador,negativa,Samsung A15,"Excelente producto,lo √∫nico malo, no trae cargador."
cargador,negativa,Samsung A15,Hola. No trae cargador y no dice las caracter√≠sticas que debe tener. Chau.
cargador,negativa,Samsung A15,"El producto viene sin cargador de bater√≠a y presenta fallas de firmaware, ejecutare la garant√≠a en cualquier momento."
cargador,negativa,Samsung A15,"Esta bien previo calidad ,bater√≠a dura un dia , y no trae cargador."
cargador,negativa,Samsung A15,Le doy 3 estrellas por qu√© no trae cargador y no me gusta gastar de m√°s por un producto que de fabrica tiene que tener cargador.
cargador,negativa,Samsung A15,"Buenoo, pero no puede venir sin cargador!! dejen de robarnos !!!!!!!! antes ven√≠an con cargador, auriculares y cable usb. Muy capitalistas se volvieron."
cargador,negativa,Samsung A15,"No trae cargador, viene solo con el cable usado!!!."
cargador,negativa,Samsung A15,Todo muy lindo pero no trae cargador.
cargador,negativa,Samsung A15,Viene sin cargador.
cargador,negativa,Samsung A15,M√°s de 300 mil y no trae cargador.
cargador,negativa,Samsung A15,"Nada q decir del producto, pero en ning√∫n lado dice q viene sin cargador y no siquiera te informan q cargador es el correcto, porque no va cualquiera,la verdad,una desilusi√≥n."
cargador,negativa,Samsung A15,Es una pena que no haya tra√≠do el cabezal del cargador s√≥lo cable.
cargador,negativa,Samsung A15,"Es un buen producto, lo malo que no trae cargador y trae un cable que no sirve para conectar con otro cargador."
cargador,negativa,Samsung A15,"El producto me parece ineficiente, lo tuve que comprar porque se me rompi√≥ el otro celular y la verdad que el celular no anda ni la mitas que el g52 que tenia antes, el celular cada tanto se tilda, la bater√≠a no me dura todo el d√≠a y que venga sin ca..."
cargador,negativa,Samsung A15,Una verg√ºenza que algo as√≠ y de ese costo haya llegado sin cargador. Lo dem√°s supongo que bien. Es para un regalo que pagamos varios y ahora tenemos que salir a comprar un cargador samsung que no son para nada rcon√≥micos.
precio_calidad,positiva,Motorola G32,"Por 70000$ , precio calidad es un golazo, yo tengo un samsung a52 que hoy vale mas de $200000 y no hay diferencias."
precio_calidad,positiva,Motorola G32,El producto es lo que buscaba relaci√≥n calidad precio muy bueno excelente c√°mara saca lindas fotos es como liviano.
precio_calidad,positiva,Motorola G32,"La verdad es una caca la c√°mara. Si piensan o creen que es el tel√©fono relaci√≥n precio calidad por su ""destacada"" c√°mara, lamento decirles que no. Cuando haces la tomas ten√©s un mont√≥n de ruido, y el resultado es un desastre. Vengo de un moto one act..."
precio_calidad,positiva,Motorola G32,"10/10 cumple con todo lo promocionado, anda s√∫per fluido y de muy buena calidad, tiene giroscopio a differencia de otros celulares los cuales dicen tener y no los tiene. Los 6gb de ram hacen que puedas tener varias apps abiertas al mismo tiempo y no ..."
precio_calidad,positiva,Motorola G32,El tel√©fono es rapid√≠simo para realizar todas las tareas (aclaro que no lo uso para juegos). La bater√≠a dura un mont√≥n y adem√°s carga muy r√°pido tambi√©n. Las c√°maras bastante bien y mejoran todav√≠a m√°s instalando la gcam. Mejor relaci√≥n calidad preci...
precio_calidad,positiva,Motorola G32,Muy buena relaci√≥n precio calidad.
precio_calidad,positiva,Motorola G32,Llevo solo unos d√≠as us√°ndolo. El tel√©fono anda bien teniendo en cuenta la relaci√≥n precio calidad. Es lo esperable seg√∫n la gama. Lo recomiendo si no quieren gastar mucha plata.
precio_calidad,positiva,Motorola G32,"Velocidad estupenda, almacenamiento y bater√≠a perfectos, c√°mara y pantalla ( podr√≠an serejor pero obvio una ya sabe lo que compra). Relaci√≥n precio calidad muy buena."
precio_calidad,positiva,Motorola G32,Excelente producto relaci√≥n precio- calidad üëå.
precio_calidad,positiva,Motorola G32,"Calidad precio, para un mayor, nunca se tilda."
precio_calidad,positiva,Motorola G32,"Exelete comparando precio, calidad. Es muy bueno y bonito el tel√©fono."
precio_calidad,positiva,Motorola G32,"Relaci√≥n precio calidad, esta bien."
precio_calidad,positiva,Motorola G32,"Buen producto calidad precio. No es el m√°s b√°sico ni tiene las peores c√°maras como los nuevos que tienen el mismo precio. Es bastante completo para el segmento y la bater√≠a dura m√°s de un d√≠a en uso extremo sin privarse de juegos, c√°maras, llamadas o..."
precio_calidad,positiva,Motorola G32,"Es lo que esperaba, relaci√≥n precio calidad muy bueno."
precio_calidad,positiva,Motorola G32,Buena relaci√≥n precio calidad.
precio_calidad,positiva,Motorola G32,Recomendado precio calidad. Muy bueno la verdad. Es liviano. Viene con un cargador super potente.
precio_calidad,positiva,Motorola G32,Una buena relaci√≥n calidad precio.
precio_calidad,positiva,Motorola G32,Tiene una buena relaci√≥n precio / calidad.
precio_calidad,positiva,Motorola G32,Buena relaci√≥n precio calida todo seg√∫n lo esperado funciona muy bien es r√°pido y la bater√≠a dura un mont√≥n.
precio_calidad,positiva,Motorola G32,Muy buen tel√©fono relaci√≥n precio calidad. Ten√≠a el g30 y es una versi√≥n mejorada del mismo con m√°s memoria ram. Recomendable.
precio_calidad,positiva,Motorola G32,"Excelente relaci√≥n precio, calidad."
precio_calidad,positiva,Motorola G32,"Buena relaci√≥n precio calidad, ya con un mes de uso, estoy contento con el telefono."
precio_calidad,positiva,Motorola G32,Muy buena relaci√≥n precio y prestaciones. Muy conforme con la compra.
precio_calidad,positiva,Motorola G32,Precio calidad me parece un poco caro. Es completo y de buen dise√±o.
precio_calidad,positiva,Motorola G32,"Buena relaci√≥n precio calidad,cumple su funci√≥n. Buena bater√≠a."
precio_calidad,positiva,Motorola G32,Relaci√≥n precio calidad justa.
precio_calidad,positiva,Motorola G32,Buen relaci√≥n precio calidad.
precio_calidad,positiva,Motorola G32,"Ideal relacion precio calidad ,por lo menos a mi me funciona perfecto ,muy conforme con la compra."
precio_calidad,positiva,Motorola G32,Muy bueno. Precio calidad excelente.
precio_calidad,positiva,Motorola G32,"Buena relaci√≥n precio calidad, nada m√°s."
precio_calidad,positiva,Motorola G32,"Me gusta el sistema de motorola y la c√°mara por eso siempre los elijo pero tengo un g9 plus que es 10 veces mejor en performance que este g32. Al moverse entre apps y dem√°s es lento. La. Camara es buena pero no supera al g9 plus. La imagen es buena, ..."
precio_calidad,positiva,Samsung A15,"Despu√©s de probarlo varios d√≠as , llegu√© a la conclusi√≥n de que es un buen celular excelente , calidad precio. Lo volver√≠a a comprar."
precio_calidad,positiva,Samsung A15,Muy lindo excelente precio calidad lindo para m√≠ gusto.
precio_calidad,positiva,Samsung A15,Exelente precio calidad.
precio_calidad,positiva,Samsung A15,Buena relaci√≥n precio calidad y es r√°pido al usarlo.
precio_calidad,positiva,Samsung A15,Calidad precio muy bueno.
precio_calidad,positiva,Samsung A15,Celular muy compacto gran duraci√≥n de bater√≠a buenas fotos relaci√≥n precio calidad muy conforme.
precio_calidad,positiva,Samsung A15,"Muy bueno, la verdad que si buscan un telefono calidad precio y no son muy exigentes, les va a ir de maravilla. Muy satisfecho."
precio_calidad,positiva,Samsung A15,"Buena relaci√≥n precio calidad,ya tiene su funda y protector de pantalla, esperemos dure,buen producto."
precio_calidad,positiva,Samsung A15,Hermoso relaci√≥n precio calidad vale la pena.
precio_calidad,positiva,Samsung A15,"Se lo compramos a mam√° para regalar, qued√≥ s√∫per contenta. Precio- calidad ü§≠ü§ûüèª."
precio_calidad,positiva,Samsung A15,"Es un celular est√°ndar, calidad precio est√° muy bien. Se lo compr√© a mi mam√° , reci√©n comenz√≥ a usarlo, veremos con el tiempo qu√© tal le va. Lindo celu!."
precio_calidad,positiva,Samsung A15,"Se parece muy bueno. Calidad ,precio muy bueno."
precio_calidad,positiva,Samsung A15,Precio calidad anda muy bien.
precio_calidad,positiva,Samsung A15,Buen producto y buena relacion precio calidad.
precio_calidad,positiva,Samsung A15,Buena relacion precio - calidad.
precio_calidad,positiva,Samsung A15,"Hoy, abril del 2025, excelente relaci√≥n precio ,calidad, memoria, y velocidad."
precio_calidad,positiva,Samsung A15,Acorde precio calidad.
precio_calidad,positiva,Samsung A15,"Bueno, pr√°ctico! relaci√≥n precio calidad."
precio_calidad,positiva,Samsung A15,Relaci√≥n precio calidad cumple la funci√≥n!.
precio_calidad,positiva,Samsung A15,"Muy buena eelacion precio calidad,me encant√≥ la c√°mara."
precio_calidad,positiva,Samsung A15,Muy buena relaci√≥n precio - calidad. Es muy util para el d√≠a a d√≠a el nfc fundamentealmente para quien se maneja en transporte p√∫blico para acreditar las cargas de la sube. Camara y capaciedad de almacenamiento excelente.
precio_calidad,positiva,Samsung A15,"Precio, calidad, si no lo cargas con su cargador original, la bater√≠a se acaba un poco m√°s r√°pido. La c√°mara es muy buena para tomar fotos a una distancia no muy marga. Responde r√°pido, no es un tel√©fono que empieza a funcionar lento cuando tiene dem..."
precio_calidad,positiva,Samsung A15,"Calidad precio sin duda. Lastima que no trae cargador. El resto, muy bueno."
precio_calidad,positiva,Samsung A15,"El producto exelente, relaci√≥n precio calidad excelente. Lo √∫nico malo es que no trae el cabezal del cargador. Solo trajo el cable."
precio_calidad,positiva,Samsung A15,Esta bien relacion precio calidad. No mas.
precio_calidad,positiva,Samsung A15,Lo compre xq samsung siempre me parece precio calidad.
precio_calidad,positiva,Samsung A15,Precio calidad acorde. Lo recomiendo.
precio_calidad,positiva,Samsung A15,El producto est√° bueno pero por lo menos un cargador por que son muy saladitos precio calidad esta bien no un 10 pero bien duraci√≥n de bater√≠a maso nomas no dura mucho no llega a 24 hs pero lo dem√°s bien.
precio_calidad,negativa,Samsung A15,"No vale la pena comprar por tan barato que sea. 2 veces me dorm√≠ y falte al trabajo porque el celular me empez√≥ a fallar. Gasten un poco m√°s y compren otro celular,motorola nunca falla,son buenos bonitos y baratos y no van a tener problema."
rendimiento,positiva,Motorola G32,"Es muy similar al g60s o al g72 el tel√©fono anda bien y no tiene practicamente nada de diferencia con los otros dos modelos. La camara anda normal como la de la mayor√≠a de los celulares, no es una reflex pero saca aceptable. La pantalla se ve bien a ..."
rendimiento,positiva,Motorola G32,"Cumpli√≥ mis expectativas. Con respecto al tama√±o me resulta c√≥modo (ven√≠a de un 5 pulgadas) incluso mejor. La funda que trae es transparente. Con respecto a la huella, vi en comentarios lo molesto que resulta, recomiendo poner una huella de un dedo q..."
rendimiento,positiva,Motorola G32,"Compr√© el celular la carga r√°pida funcionaba perfecto, en unos d√≠as ya ni carga r√°pido. La carga es sumamente lenta. Por qu√© puediera ser!?."
rendimiento,positiva,Motorola G32,"Hace una semana lo estoy usando, arreglo celulares hace a√±os y vengo de un samsung j7 que a mi parecer fue uno de los mejores celulares que se crearon. Este g32 lo uso solo para trabajar, pagar o cobrar online y ver videos y la bater√≠a me dura entre ..."
rendimiento,positiva,Motorola G32,En velocidad es como r√°pido y furioso pero el wifi no tiene mucho alcance como otros motorolas anteriores (ejemplopto g7 ).
rendimiento,positiva,Motorola G32,"No se si hubiera valido la pena ahorrar un poco m√°s para el g42, que tiene pantalla oled. Pero, los 90hz se notan muchisimo. Despu√©s, 0 quejas, lo √∫nico que me va a tomar algo m√°s de tiempo acostumbrarme, va a ser el lector de huellas en el bot√≥n de ..."
rendimiento,positiva,Motorola G32,"10/10 cumple con todo lo promocionado, anda s√∫per fluido y de muy buena calidad, tiene giroscopio a differencia de otros celulares los cuales dicen tener y no los tiene. Los 6gb de ram hacen que puedas tener varias apps abiertas al mismo tiempo y no ..."
rendimiento,positiva,Motorola G32,El tel√©fono es rapid√≠simo para realizar todas las tareas (aclaro que no lo uso para juegos). La bater√≠a dura un mont√≥n y adem√°s carga muy r√°pido tambi√©n. Las c√°maras bastante bien y mejoran todav√≠a m√°s instalando la gcam. Mejor relaci√≥n calidad preci...
rendimiento,positiva,Motorola G32,Llevo solo unos d√≠as us√°ndolo. El tel√©fono anda bien teniendo en cuenta la relaci√≥n precio calidad. Es lo esperable seg√∫n la gama. Lo recomiendo si no quieren gastar mucha plata.
rendimiento,positiva,Motorola G32,"Se lo regalamos a mam√°. Es un tel√©fono s√∫per √∫til y de f√°cil manejo para los adultos mayores. Es r√°pido y muy funcional para el d√≠a a d√≠a. Si lo necesitas est√°s buscando para trabajar, te dir√≠a que busques otra gama m√°s alta. Le doy un 7,5/10."
rendimiento,positiva,Motorola G32,"Me pareci√≥ un buen cel en relaci√≥n precio y calidad, el procesador es bastante r√°pido y la autonom√≠a de la bater√≠a es genial, dura much√≠simo tirando d√≠a y medio. La pantalla al no ser amoled se nota un poco (sobre todo con los negro plenos) pero safa..."
rendimiento,positiva,Motorola G32,Anda bien.
rendimiento,positiva,Motorola G32,La verdad tiene buena c√°mara y es r√°pido a la hora de buscar o bajar aplicaciones excelente.
rendimiento,positiva,Motorola G32,"Super rapido, una camara increible. Ame este motorola."
rendimiento,positiva,Motorola G32,Excelente calidad en las fotos. Es r√°pido para usar. Me encanta la capacidad de memoria. El √∫nico detalle no viene con auriculares.
rendimiento,positiva,Motorola G32,"Saca lindas fotoss. Lo compre hace un mes y pico, por ahora anda bien."
rendimiento,positiva,Motorola G32,"El celu est√° bueno, cumple todas las funciones esperables, lo √∫nico que no me gust√≥ tanto fue la c√°mara, me decepcion√≥ un poco ya que cuando saco fotos de algo celeste o del cielo sale pixeleada, y las fotos que saca no son de la mejor calidad. Pero ..."
rendimiento,positiva,Motorola G32,"Tengo el celu hace un poco m√°s de un mes. La camara muy buena. Lo √∫nico que se gasta la bater√≠a bastante r√°pido durante el d√≠a, us√°ndolo a full. Igual se carga bastante r√°pido. Para agregar, me cost√≥ conseguir cobertores."
rendimiento,positiva,Motorola G32,"Un tel√©fono muy bueno, r√°pido, tiene una duraci√≥n de la bater√≠a muy buena. Exelente calidad de pantalla e iluminaci√≥n."
rendimiento,positiva,Motorola G32,Lo tengo hace 6 meses y anda bien.
rendimiento,positiva,Motorola G32,Muy bien celular y anda bien.
rendimiento,positiva,Motorola G32,"Me resulta extra√±amente liviano, pero a un a√±o se tenerlo, anda muy bien! no es tan rapido como imagine con los 6gb de ram y suele ser muy sencible y entra cualquier cosa cuando lo manipulo! pero es cuestion de yener cuidad. Por lo demas muy buna rel..."
rendimiento,positiva,Motorola G32,"El tel√©fono anda bien , cumple con las expectativas."
rendimiento,positiva,Motorola G32,"No es muy fluido, buena c√°mara y buena capacidad. La bater√≠a no esta durando tanto como deberia. Tal vez deba revisarle las configuraciones, tengo que usarlo un poco mas. En lineas grales esta bien."
rendimiento,positiva,Motorola G32,"Funciona bien, pero la camera no es tan buena y se descarga muy r√°pido."
rendimiento,positiva,Motorola G32,"Lo compr√© para regalar, as√≠ que no puedo dar mayores datos. Me comentan que funciona bien, la bater√≠a dura lo esperado y tiene buena recepci√≥n."
rendimiento,positiva,Motorola G32,"Muy recomendable, tiene una muy buena bater√≠a y un cargador incre√≠ble que es de 33w que carga en una hora y media m√°s o menos y te dura para todo el d√≠a, anda muy fluido y anda bien para los juegos, la verdad muy buenoüëçüèº."
rendimiento,positiva,Motorola G32,"Me gust√≥ el tel√©fono,,muy fluido,, recomendado."
rendimiento,positiva,Motorola G32,Buena relaci√≥n precio calida todo seg√∫n lo esperado funciona muy bien es r√°pido y la bater√≠a dura un mont√≥n.
rendimiento,positiva,Motorola G32,El cel funciona bien la bater√≠a aguanta bien un d√≠a el desbloqueo de huella es bastante r√°pido una buena opci√≥n por el precio el cel es de 6 gb ram seg√∫n las especificaciones del cel.
rendimiento,positiva,Motorola G32,"Me tiro una falla en la bateria ,pero por ahora anda bien."
rendimiento,positiva,Motorola G32,"Les comento yo ven√≠a de un moto g6, realmente una masa reci√©n despu√©s de 6 a√±os dej√≥ de funcionar la bater√≠a. El celular est√° muy lindo parece funcional, quiz√°s estar√≠a bueno que sea un poco m√°s r√°pido pero est√° muy bien, si uno es sencillo est√°s sob..."
rendimiento,positiva,Motorola G32,"Es bueno el tel√©fono, no soy experto , pero funciona bien , es √°gil. Sirve para todo."
rendimiento,positiva,Motorola G32,"Es el mejor tel√©fono que he tenido, r√°pido, √°gil, buen aspecto. Lo √∫nico malo es que el bluetooth no es bueno."
rendimiento,positiva,Motorola G32,"A m√≠ me encant√≥. Se adapta a mis necesidades. El color rosa suave, divino. Las fotos no son tan buenas como otros celulares que e tenido. Carga s√∫per r√°pido. Lo recomiendo si no sos muy exigente y quer√©s darle un uso b√°sico."
rendimiento,positiva,Motorola G32,"Me encant√≥, es bastante r√°pido, la c√°mara de muy buena. Muy buen celular y re barato."
rendimiento,positiva,Motorola G32,"Bueno pero pens√© que era m√°s r√°pido, tarda mucho en cargar las fotos para enviarlas."
rendimiento,positiva,Motorola G32,Cuando encend√≠ el celular marcaba 55% de la bater√≠a lo cargue y cargo r√°pido lo √∫nico que sin usar el celar en un par de horas bajo a 91% despu√©s es r√°pido buena resoluci√≥n.
rendimiento,positiva,Motorola G32,"Es lindo, muy resistente pero pens√© que la memoria le iba a durar m√°s. Se llena muy r√°pido y se tilda cuando bajas aplicaciones de m√°s."
rendimiento,positiva,Motorola G32,El producto es bueno la bater√≠a se carga r√°pido as√≠ como se gasta tambi√©n.
rendimiento,positiva,Motorola G32,Hola es hermoso pero se le gasta muy r√°pido la bater√≠a.
rendimiento,positiva,Motorola G32,"Hace dos d√≠as empec√© a usarlo. Anda r√°pido, buen tel√©fono. Lo malo por ahora es la bater√≠a. Por ser nuevo se descarga muy r√°pido. A la noche lo pongo en modo avi√≥n ya que de estar en 100% amanece en 80% sin hacer nada. Lamentablemente si sigue as√≠ me..."
rendimiento,positiva,Motorola G32,No anda bien.
rendimiento,positiva,Samsung A15,"Para el precio esta muy bueno, la pantalla de 90hz suma mucho, hay que tener en cuenta que hay que comprar un cargador aparte porque no lo incluye pero es normal en la compra de celulares ""modernos"". Tiene nfc que en mi caso lo uso para acreditar car..."
rendimiento,positiva,Samsung A15,Se descarga la bater√≠a rapido.
rendimiento,positiva,Samsung A15,"Un ca√±o el celular, super rapido. Recomendable su compra."
rendimiento,positiva,Samsung A15,Noes loque yo esperaba tiene falla en la vateria y en el cargador no anda bien.
rendimiento,positiva,Samsung A15,"Muy bueno y rapido, gran capacidad de bateria, viene sin cargador."
rendimiento,positiva,Samsung A15,Esta buen√≠simo hasta hora funciona bien.
rendimiento,positiva,Samsung A15,Buena relaci√≥n precio calidad y es r√°pido al usarlo.
rendimiento,positiva,Samsung A15,Se descarga muy rapido.
rendimiento,positiva,Samsung A15,Es um celular que saca buenas fotos( motivo por lo que lo compr√© y por la capacidad de guardar datos). No trae cargador y se descarga r√°pido.
rendimiento,positiva,Samsung A15,Muy bueno. R√°pido. No le puse 4 estrellas porque viene sin cargador.
rendimiento,positiva,Samsung A15,"Super r√°pido, muy conforme en cuanto precio y calidad!."
rendimiento,positiva,Samsung A15,"Excelente,r√°pido y seguro."
rendimiento,positiva,Samsung A15,Se configur√≥ muy r√°pido y esta re lindo y sobre todo a un buen precio!.
rendimiento,positiva,Samsung A15,"Muy lindo, tiene una muy buena imagen, sonido y es r√°pido!."
rendimiento,positiva,Samsung A15,"Por el momento anda de maravilla. Es un celular de gama media, con buenas prestaciones para su precio. Se. Lo compr√© a mi mujer. No puedo juzgar mucho la c√°mara todav√≠a, pero parece ser bastante buena. La pantalla tiene una densidad de pixels por pul..."
rendimiento,positiva,Samsung A15,Me gust√≥ x su color celeste tornasolado con la funda transparente queda precioso y desbloqueo lateral con huella re pr√°ctico y r√°pido de abrir. Muy buenas fotos velocidad instant√°nea super c√≥modo en la mano y mucho m√°s detalles buen√≠simo.
rendimiento,positiva,Samsung A15,"Precio, calidad, si no lo cargas con su cargador original, la bater√≠a se acaba un poco m√°s r√°pido. La c√°mara es muy buena para tomar fotos a una distancia no muy marga. Responde r√°pido, no es un tel√©fono que empieza a funcionar lento cuando tiene dem..."
rendimiento,positiva,Samsung A15,Me gusto el celular pero la no me gusto que a los 3 meses se descargaba un poco r√°pido la bateria.
rendimiento,positiva,Samsung A15,Hasta ahora funciona bien.
rendimiento,positiva,Samsung A15,Es un aparato que funciona bien para lo b√°sico e indispensable!.
rendimiento,positiva,Samsung A15,Muy bueno r√°pido hasta ahora. Todo bien.
rendimiento,positiva,Samsung A15,Anda bien por ahora!?.
rendimiento,positiva,Samsung A15,"Es un tel√©fono com√∫n. Comparado con otros es de mediana calidad. Pero es lo que pod√≠a comprar. Cumple con las especificaciones. No esperaba m√°s. Funciona bien. Y en relaci√≥n al precio, es lo m√°s econ√≥mico que consegu√≠ en 1 pago. Bien en general. Reco..."
rendimiento,positiva,Samsung A15,"Lo compre para reponer un motorola viejo que tenia. La c√°mara es un poco mejor, pero es bastante lento. Yo le doy uso convencional, llamadas, whatsapp, drive. No responde muy rapido."
rendimiento,positiva,Samsung A15,"Mi hija lo lleno de juegos, muchas aplicaciones abiertas, hasta ahora anda bien."
rendimiento,positiva,Samsung A15,Hasta ahora funciona bien. Relacion precio-calidad esta muy bien. Lo recomiendo.
rendimiento,positiva,Samsung A15,"Excelente equipo nunca compro samsung por el sistema que tiene y no me equivoque en eso ya que viene con muchas apps instaladas, pero se las puede desinstalar, para sorpresa mia anda muy bien, fluido, la bateria dura todo el dia, y la camara en video..."
rendimiento,positiva,Samsung A15,La verdad se tilda mucho por ser nuevo y el t√°ctil no funciona bien.
rendimiento,positiva,Samsung A15,"No muy bueno, la bater√≠a dura poco , y el cable del cargador, no es r√°pido."
rendimiento,positiva,Samsung A15,"El celular en s√≠ funciona bastante bien, lo mejor la pantalla se ve n√≠tido al ser amoled. El desempe√±o no es demasiado fluido, se queda corto los 4gb de ram. Por el precio, creo que se paga eso por ser samsung nom√°s, se consigue otras marcas con muy ..."
rendimiento,positiva,Samsung A15,"Compr√© dos tel√©fonos y en los dos falla la comunicaci√≥n, se corta todo el tiempo, supongo que no debe tener buena antena o no s√© que puede ser pero no funciona para llamadas, lo dem√°s todo ok. Para usarlo con whatsapp, c√°mara y redes sociales anda bi..."
rendimiento,negativa,Motorola G32,"Una decepcion, telefono super lento y la camara como trabada, el modelo es asi lamentablemente, es mejor juntar unos mangos mas y comprar el edge, una diferencia de calidad impresionante."
rendimiento,negativa,Motorola G32,El teclado es lento y tosco.
rendimiento,negativa,Motorola G32,"Una kk lo compre para actualizar un motorola g9 plus del 2020 y era mas lento, la camara parece de telefonos de 2016, la delantera horrible, lo compre porque segun los reviews era bastante bueno pero no, una perdida de tiempo y dinero, por suerte lo ..."
rendimiento,negativa,Motorola G32,"Me compr√© el mismo que ten√≠a y me robaron. Pero este no vino tan bien como el otro: tuve que actualizar le el software enseguida porque no tenia la opci√≥n de huella dactilar, ahora anda medio lento porque el sistema operativo es viejo b√°sicamente per..."
rendimiento,negativa,Motorola G32,"Bien ,. Al principio trabajaba muy bien el procesador,. Ya despu√©s del a√±o est√° lento y se tilda. Conviene juntar un pocows de dinero y cuando mprar algo mejor."
rendimiento,negativa,Motorola G32,"Funciona y cumple con su funci√≥n sin penas ni gloria. La relaci√≥n precio-calidad est√° justa: es un tel√©fono de gama baja a un precio razonable. Vengo de moto g60s y si bien aprecio que se mantuvo la interfaz y la personalizaci√≥n propia de motorola, e..."
rendimiento,negativa,Motorola G32,No veo nada de diferencia. Excepto un poco de mejor calidad en la c√°mara con versiones anteriores. Lento o se tilda. Lastima que no llegu√© a m√°s plata. Sino quiz√°s no lo hubiera elegido.
rendimiento,negativa,Motorola G32,"Me gusta el sistema de motorola y la c√°mara por eso siempre los elijo pero tengo un g9 plus que es 10 veces mejor en performance que este g32. Al moverse entre apps y dem√°s es lento. La. Camara es buena pero no supera al g9 plus. La imagen es buena, ..."
rendimiento,negativa,Motorola G32,La c√°mara no est√° buena. Tiene poca nitidez. Poca definici√≥n. El celu es un poco lento.
rendimiento,negativa,Motorola G32,Mucho diferencia a otros motorola no tiene la c√°mara bien la bater√≠a le dura muy poco. Es lento.
rendimiento,negativa,Motorola G32,Cre√≠ que por ser motorola pod√≠a andar. Pero no. Muy lento.
rendimiento,negativa,Samsung A15,La verdad un desastre. Super lento el tel√©fono. No sirve.
rendimiento,negativa,Samsung A15,Se traba much√≠simo no se puede poner videos en x2 en youtube que se traba todo y va m√°s lento el video que en velocidad normal la. Pantalla anda muy mal se aprietan varias veces la misma letra sola anda muy mal.
rendimiento,negativa,Samsung A15,Lento. Una caquita.
rendimiento,negativa,Samsung A15,"Tiene una falla de sistema que no quieren re onocwr, se tilda, se traba, se abran app solas."
rendimiento,negativa,Samsung A15,La camara es mala. Es medio lento. No trae cargador ni auriculares lo cual me parece muy malo.
rendimiento,negativa,Samsung A15,"El celu le regale a una amiga y unos d√≠as anduvo bien, despu√©s se cuelga."
rendimiento,negativa,Samsung A15,"Relacionmprecio/calidad excelente, por supuesto q de acuerdo a sus caracter√≠sticas es un poco lento ante ciertos procesos, pero no es excusa para dar 5 estrellas."
rendimiento,negativa,Samsung A15,Nunca me gust√≥ el samsung sol√≠a ver q ten√≠an mucha falla se traba todo y n tiene q ver el ram q tenga y x eso nunca me gustaron tuve un redmi note 8 y era una bala. Pero este la verdad est√° muy bueno tengo m√°s de 18mil fotos y videos y anda a la perf...
rendimiento,negativa,Samsung A15,"Esta bueno y cumple, aveces se traba un poco pero en general va bien y es buen producto."
rendimiento,negativa,Samsung A15,Est√° bueno a veces es lento para entrar a las apps.
rendimiento,negativa,Samsung A15,Hace menos de un a√±o que lo tengo y se traba.
rendimiento,negativa,Samsung A15,Una maquina funcionando bien hasta la actualidad. Lo tengo hacen 3 meses. Es un poco lento pero bueno. Lo compensa en otros detalles.
rendimiento,negativa,Samsung A15,"Lento, muy lento la verdad."
rendimiento,negativa,Samsung A15,Tengo mis dudas si solo a mi me paso. Como que se traba. Aveces ni me lee la huella.
rendimiento,negativa,Samsung A15,"No estoy satisfecha con la compra, reci√©n comprado ya se tildaba mucho, aclaro que no tengo muchas apps, a veces se pone muy lento. S√≥lo trae el cable para cargar por lo que hay q comprar el adaptador."
rendimiento,negativa,Samsung A15,"Me lo compr√© como celular de paso, no lo recomiendo. Se tilda, es lento, las fotos malas. Pero por el precio no se puede pedir mucho. Excelente relaci√≥n precio-calidad no apto para exigentes."
rendimiento,negativa,Samsung A15,"Lo compre para reponer un motorola viejo que tenia. La c√°mara es un poco mejor, pero es bastante lento. Yo le doy uso convencional, llamadas, whatsapp, drive. No responde muy rapido."
rendimiento,negativa,Samsung A15,"Precio, calidad, si no lo cargas con su cargador original, la bater√≠a se acaba un poco m√°s r√°pido. La c√°mara es muy buena para tomar fotos a una distancia no muy marga. Responde r√°pido, no es un tel√©fono que empieza a funcionar lento cuando tiene dem..."
rendimiento,negativa,Samsung A15,"Disconforme. La bater√≠a dura todo el d√≠a, pero igual dura la de mi tel√©fono viejo q tiene 3 a√±os. Se pone lento con poco."
rendimiento,negativa,Samsung A15,El tel√©fono apareci√≥ a andar mal solo. Se tilda y tiene 2 meses de uso. Tengo que reiniciar. Apenas sub√≠ algunas fotos y videos. Un desastre. Lo utilizo para trabajar y la pantalla t√°ctil se cuelga. Espero puedan reembolsar el dinero. Y sino es as√≠. ...
satisfaccion_general,positiva,Motorola G32,"El 2¬∞ que compro g32. Excelente producto. Gama media de lo mejor. !!. Este es el color plata. Agrego a lo anterior, calidad de sonido muy bueno, dolby atmos, 128gb buen espacio de almacenamiento, y procesador qualcomm. Le pasa el trapo a varios de la..."
satisfaccion_general,positiva,Motorola G32,"Muy buen producto, cumple perfectamente con las expectativas. Muy recomendado."
satisfaccion_general,positiva,Motorola G32,"Muy buen producto,haciendo un testeo a profundo resulto mucho mejor que el g42 en respues de reacion al entrar en aplicaciones etc."
satisfaccion_general,positiva,Motorola G32,"Excelente producto, relaci√≥n precio y calidad."
satisfaccion_general,positiva,Motorola G32,Buen producto. Buena definicion.
satisfaccion_general,positiva,Motorola G32,Excelente producto relaci√≥n precio- calidad üëå.
satisfaccion_general,positiva,Motorola G32,Excelente producto‚ú®Ô∏èüëå.
satisfaccion_general,positiva,Motorola G32,"Muy buen producto, hasta ahora sin problemas lo utiliza mi mama y le es un celular muy potente!."
satisfaccion_general,positiva,Motorola G32,Muy buen producto.
satisfaccion_general,positiva,Motorola G32,Excelente producto super√≥ mis expectativas super recomendable.
satisfaccion_general,positiva,Motorola G32,Excelente producto y de muy buena maniobrabilidad.
satisfaccion_general,positiva,Motorola G32,Excelente producto lo recomiendo.
satisfaccion_general,positiva,Motorola G32,Excelente producto muy comforme.
satisfaccion_general,positiva,Motorola G32,Buen producto.
satisfaccion_general,positiva,Motorola G32,Es un buen producto nomas tengo un inconveniente que se reinicia todos los d√≠a.
satisfaccion_general,positiva,Motorola G32,"Buen producto calidad precio. No es el m√°s b√°sico ni tiene las peores c√°maras como los nuevos que tienen el mismo precio. Es bastante completo para el segmento y la bater√≠a dura m√°s de un d√≠a en uso extremo sin privarse de juegos, c√°maras, llamadas o..."
satisfaccion_general,positiva,Motorola G32,"Buen producto. Inc√≥modo la huella al costado y el touch, pero es hasta acostumbrarse."
satisfaccion_general,positiva,Motorola G32,Es buen producto.
satisfaccion_general,positiva,Motorola G32,Muy buen producto y muy buen precio.
satisfaccion_general,positiva,Motorola G32,"Con un mes de uso, se mantiene la fluidez en el uso de las distintas aplicaciones. A destacar, el sonido es muy bueno. La calidad de las fotos, esperaba un poco mas, pero es comprensible por la gama del producto. En l√≠neas generales, es un buen produ..."
satisfaccion_general,positiva,Motorola G32,"Cumple todo lo que necesito, siendo alguien que ha usado por much√≠simo tiempo celulares con 2gb de ram y c√°maras p√©simas. Lo √∫nico que no gusta, es que, el sensor est√© a un lado, en el bot√≥n de encender, es realmente molesto e inc√≥modo cuando solo qu..."
satisfaccion_general,positiva,Motorola G32,"El celular cumple con las expectativas, es un buen producto. La relacion precio-calidad es muy buena, es un gran aparato de gama media."
satisfaccion_general,positiva,Motorola G32,Buen producto y opci√≥n de pago.
satisfaccion_general,positiva,Motorola G32,"Muy buen producto en cuanto a precio. Lo que no me gusta, es la ubicacion del lector de huellas dactilares."
satisfaccion_general,positiva,Motorola G32,"Excelente producto ,lo recomiendo totalmente."
satisfaccion_general,positiva,Motorola G32,Muy buen producto en precio y calidad!.
satisfaccion_general,positiva,Motorola G32,"Es un buen producto ,pero no result√≥ lo que esperaba, quiz√°s porque ten√≠a mejor expectativa sobre el mismo."
satisfaccion_general,positiva,Motorola G32,"Buen producto, ahora en mi opini√≥n no fluye ni tiene la agilidad que muchos indican. Para mi es un buen celular, no m√°s que eso."
satisfaccion_general,positiva,Samsung A15,"Me parecio buen producto,pero me vino fallado,se tilda,al momento de escribir se preciona cualqier letra,la verdad,me desepciono."
satisfaccion_general,positiva,Samsung A15,Buen producto.
satisfaccion_general,positiva,Samsung A15,Buen producto para ser de gama media cumple muy bien en todos los aspectos.
satisfaccion_general,positiva,Samsung A15,Muy buen producto.
satisfaccion_general,positiva,Samsung A15,"Excelente producto, lo usa m√≠ esposa que solo saca fotos y manda whatsapp. As√≠ que le va como pi√±a de padrastro."
satisfaccion_general,positiva,Samsung A15,Excelente producto.
satisfaccion_general,positiva,Samsung A15,"Buena relaci√≥n precio calidad,ya tiene su funda y protector de pantalla, esperemos dure,buen producto."
satisfaccion_general,positiva,Samsung A15,Excelente precio y calidad muy buen producto.
satisfaccion_general,positiva,Samsung A15,"La cumplea√±os quedo feliz ,excelente producto saca muy bonitas fotos ‚ô°."
satisfaccion_general,positiva,Samsung A15,Excelente ya va una semana corre juegos pesado por el precio excelente producto y c√°lida en c√°mara y muy comodo.
satisfaccion_general,positiva,Samsung A15,"Buenisimo producto. Como es de esperarse de samsung, y el mejor precio para un excelente producto. Recomiendo."
satisfaccion_general,positiva,Samsung A15,"Buen producto, muy buena c√°mara tiene."
satisfaccion_general,positiva,Samsung A15,Muy buen producto. F√°cil de usar.
satisfaccion_general,positiva,Samsung A15,Cumple con las expectativas. Muy buen producto.
satisfaccion_general,positiva,Samsung A15,Buen producto y buena relacion precio calidad.
satisfaccion_general,positiva,Samsung A15,"Buena calidad, excelente producto."
satisfaccion_general,positiva,Samsung A15,"Esta bueno y cumple, aveces se traba un poco pero en general va bien y es buen producto."
satisfaccion_general,positiva,Samsung A15,"Muy buen producto, siendo gama media, muy bien celular, l√°stima q no viene con el cargador una verdadera l√°stima, sumaria un par de puntos m√°s, si sos exigente para juegos hay q comprar el de 8 gigas y 256, saludos totales."
satisfaccion_general,positiva,Samsung A15,Es buen producto. Lo √∫nico para decir es que no trae cargador.
satisfaccion_general,positiva,Samsung A15,"Es bueno, lo √∫nico es que no trae el adaptador del cargador. Pero quitando eso, es muy buen producto!."
satisfaccion_general,positiva,Samsung A15,"Buen producto, lo q esperaba."
satisfaccion_general,positiva,Samsung A15,Buen producto. Es lo esperado.
satisfaccion_general,positiva,Samsung A15,"Excelente producto,lo √∫nico malo, no trae cargador."
satisfaccion_general,positiva,Samsung A15,"Es un buen producto, lo malo que no trae cargador y trae un cable que no sirve para conectar con otro cargador."
satisfaccion_general,positiva,Samsung A15,Muy buen producto y la camara es super buena.
satisfaccion_general,negativa,Motorola G32,"El celular anda de diez despu√©s de casi 40 d√≠as de uso, la bater√≠a aguanta bastante, el celular se banca las app y los juegos, lo √∫nico que anda medio flojo es la c√°mara en video y en macro. Se pixela much√≠simo es horrible as√≠ tengas la mejor luz nat..."
satisfaccion_general,negativa,Motorola G32,Muy malo se tilda y hay que reiniciar lo permanente.
satisfaccion_general,negativa,Motorola G32,"El celu est√° bueno, cumple todas las funciones esperables, lo √∫nico que no me gust√≥ tanto fue la c√°mara, me decepcion√≥ un poco ya que cuando saco fotos de algo celeste o del cielo sale pixeleada, y las fotos que saca no son de la mejor calidad. Pero ..."
satisfaccion_general,negativa,Motorola G32,"A m√≠ hijo le gust√≥, por el precio muy buen dispositivo, lo √∫nico malo es que en la descripci√≥n dice que tiene nfc, pero no tiene."
satisfaccion_general,negativa,Motorola G32,Muy bueno la verdad lo recomiendo lo malo fue que lo ped√≠ en plateado y vino en negro ¬Ø‚Å†\‚Å†_‚Å†(‚Å†„ÉÑ‚Å†)‚Å†_‚Å†/‚Å†¬Ø.
satisfaccion_general,negativa,Motorola G32,"Es el mejor tel√©fono que he tenido, r√°pido, √°gil, buen aspecto. Lo √∫nico malo es que el bluetooth no es bueno."
satisfaccion_general,negativa,Motorola G32,"La c√°mara deja bastante que desear en poca luz y calidad, tanto para foto como para video, rendimiento bastante bien para tareas cotidianas, malo en juegos. Si se consigue barato en oferta est√° bien, la duraci√≥n de la bater√≠a es impecable."
satisfaccion_general,negativa,Motorola G32,No lo recomiendo ya que se tilda bastante y adem√°s cuando quer√©s enviar varios v√≠deos no se reproducen antes de mandarlos como para poder acortarlos.
satisfaccion_general,negativa,Motorola G32,"Hace dos d√≠as empec√© a usarlo. Anda r√°pido, buen tel√©fono. Lo malo por ahora es la bater√≠a. Por ser nuevo se descarga muy r√°pido. A la noche lo pongo en modo avi√≥n ya que de estar en 100% amanece en 80% sin hacer nada. Lamentablemente si sigue as√≠ me..."
satisfaccion_general,negativa,Motorola G32,"El celular lamentablemente me salio malo, cuando termino la garantia dejo de andar la camara, la huella y se qda sin se√±al."
satisfaccion_general,negativa,Motorola G32,Malo y caro lo dejo enchufado para cargar 8 horas y solo carga hasta el 50% de la bater√≠a y el bluetooth se cruza un mosquito y se corta. Ni hablar si te pones el celular en el bolsillo con bluetooth es imposible escuchar con el auricular ten√≠a un ce...
satisfaccion_general,negativa,Samsung A15,"Lo tengo hace un mes. Empiezo por lo malo, y es que vino envuelto en poco papel burbuja y luego envuelto as√≠ nom√°s con una bolsa de consorcio. Puntos a favor: lo consegu√≠ en oferta a 268. 000 en 6 cuotas sin inter√©s! la c√°mara es excelente como se pu..."
satisfaccion_general,negativa,Samsung A15,"Esta muy lindo, tiene buena c√°mara. Lo √∫nico malo, que no trae cargador y es algo que deber√≠a tener porque es parte del equipo."
satisfaccion_general,negativa,Samsung A15,"Es muy lindo y se ve resistente. Lo malo es que no trae nada. Nisiquiera cargador, cable usb. Nada. Creo que no es el m√°s barato como para no traer nisiquiera un cargador."
satisfaccion_general,negativa,Samsung A15,"No lo recomiendo para nada, se reinicia solo, la bateria no dura lo suficiente, la fotos son malisimas, lo unico bueno que puedo mencionar es la distancia de alcance del bluethoth,la velicidad que dice tener no es ni la mitad."
satisfaccion_general,negativa,Samsung A15,"Malo, me encontr√© que al prenderlo para utilizarlo se en contraba bloqueado,y me ped√≠a una contrase√±a que desconoc√≠a,ya que no me dej√≥ ingresar mi c√≥digo de google y al querer reiniciarlo la pantalla titila con unas rayas blancas,tampoco me permite a..."
satisfaccion_general,negativa,Samsung A15,Lo unico malo q tengo para criticar es que no viene el cargador. Solo el cable usb. Lo demas todo bien!.
satisfaccion_general,negativa,Samsung A15,Esta bueno del celu lo malo que viene sin cargador!!.
satisfaccion_general,negativa,Samsung A15,"Malo. No se oye a la otra persona, audios y muy mal la m√∫sica. La bater√≠a hay que cargarla tres veces en el d√≠a, el sistema t√°ctil o no se como se denomina presenta dificultad. Mo volver√≠a a comprarlo , no lo recomiendo."
satisfaccion_general,negativa,Samsung A15,"El tcelu parec√≠a re lindo ,al mes se bloque√≥ solo y no hab√≠a forma de desbloquearlo lo tuve que recetear y no anda muy bien ahora ,y eso que viene sin cargador es por algo no ????? no lo recomiendo."
satisfaccion_general,negativa,Samsung A15,La camara es mala. Es medio lento. No trae cargador ni auriculares lo cual me parece muy malo.
satisfaccion_general,negativa,Samsung A15,"El precio en relaci√≥n al producto es accesible. Lo malo y para criticar ser√≠a que no trae cargador ni funda, lo que con motorola no sucede. Cada vez los equipos traen menos accesorios."
satisfaccion_general,negativa,Samsung A15,El tel√©fono se recalienta y no viene con cargador trae un cable q obligado hay q comprar un cargador q sale 100$ m√°s la verdad no me gust√≥.
satisfaccion_general,negativa,Samsung A15,Una marca mas que conocida por todos. Lo √∫nico malo es que te viene sin el cargador.
satisfaccion_general,negativa,Samsung A15,"Es espectacular lo compr√© para regalarle a mi mam√°, qued√≥ enloquecida con su celular nuevo. Lo recomiendo al 100 x 100, lo malo que no trae el transformador para cargar, pero ahora parece que samsung recort√≥ ese accesorio."
satisfaccion_general,negativa,Samsung A15,"Lo unico malo q no trae cargador, hay q hacer un gasto aparte."
satisfaccion_general,negativa,Samsung A15,"No me gust√≥ xq tengo dudas que sea original xq no fue ensamblado en tierra del fuego argentina, otra lo compare con la calidad de la pantalla del moto g42 que tambi√©n dice ser pantalla amoled y el motorola tiene mejor nitides de colores, para mi que ..."
satisfaccion_general,negativa,Samsung A15,"Hermoso el celular recomendable , lo √∫nico que no viene el cargador lo malo."
satisfaccion_general,negativa,Samsung A15,"Muy buen celular, lo √∫nico malo es el cable para cargar, ya que tiene de los dos lados la misma ficha."
satisfaccion_general,negativa,Samsung A15,"La verdad es que es muy buen celular, me encanta y la c√°mara es una maravilla. Pero lo malo es que no trae el cargador completo y auriculares. Pero lo dem√°s 10/10."
satisfaccion_general,negativa,Samsung A15,"Por 300 lucas, y por el uso normal (nada exagerado) que le doy, terrible compra hice. Con que me dure, andando normal, unos 3 o 4 a√±os, ser√≠a perfecto. Lo √∫nico que me pareci√≥ muy malo es que no traiga cargador (solo el cable) ni auriculares. Por el ..."
satisfaccion_general,negativa,Samsung A15,Por ser samsang es malo.
satisfaccion_general,negativa,Samsung A15,Muy bueno pero lo malo es que no trae cargador ni aud√≠fonos.
satisfaccion_general,negativa,Samsung A15,Me gusto el celular pero la no me gusto que a los 3 meses se descargaba un poco r√°pido la bateria.
satisfaccion_general,negativa,Samsung A15,Lo malo q no viene el cargador.
satisfaccion_general,negativa,Samsung A15,"Muy lindo equipo, lo √∫nico malo es que no trae cargador."
satisfaccion_general,negativa,Samsung A15,"A tener en cuenta. Buen tel√©fono. Lo √∫nico malo del modelo es que no se prende la pantalla en notificaciones como whatsapp, solo en llamadas y sms. Prob√© actualizando, de todo y nada. Esperemos samsung lo solucione pronto."
satisfaccion_general,negativa,Samsung A15,Es un buen telefono para el precio lo unico malo es una pulgada menos que el a13 por enemplo.
satisfaccion_general,negativa,Samsung A15,Lo √∫nico malo es que no viene con cargador!!!!.
satisfaccion_general,negativa,Samsung A15,"El producto exelente, relaci√≥n precio calidad excelente. Lo √∫nico malo es que no trae el cabezal del cargador. Solo trajo el cable."
satisfaccion_general,negativa,Samsung A15,Lo malo y no te dicen nada es que viene sin cargador.
satisfaccion_general,negativa,Samsung A15,Hasta ahora muy bueno lo √∫nico malo es que viene sin cargador.
satisfaccion_general,negativa,Samsung A15,"Esta muy bueno, lo malo que tiene es que ya no vienen con el cargador incorporado y viene con ficha c."
satisfaccion_general,negativa,Samsung A15,Fue para regalo y no me han dicho nada malo por lo menos a√∫n.
satisfaccion_general,negativa,Samsung A15,Safa lo malo que no viene con cargador.
satisfaccion_general,negativa,Samsung A15,"Me lo compr√© como celular de paso, no lo recomiendo. Se tilda, es lento, las fotos malas. Pero por el precio no se puede pedir mucho. Excelente relaci√≥n precio-calidad no apto para exigentes."
satisfaccion_general,negativa,Samsung A15,"No es malo,pero vengo de un motorola y es muy superior,√©ste es para personas que no tengan tantas actividades con el celu,adem√°s no tiene buena definici√≥n. Apenas pueda,lo cambio."
satisfaccion_general,negativa,Samsung A15,Me parecio hermoso. Lo unico malo q puedo decir es q le dura poco la bateria. Tengo q cargarlo tds los dias!.
satisfaccion_general,negativa,Samsung A15,No es tan bueno todos los d√≠as hay que recetearlo porque se tilda y eso que no tengo nada no sirve es malo.
satisfaccion_general,negativa,Samsung A15,"El tel√©fono se lo compro mi hermana, esta muy bueno. Lo malo es que trae un cable con doble ficha c y no viene con la cuna para ese tipo de cable, as√≠ que tenes que comprar uno. El celu anda muy bien y tiene buena c√°mara."
satisfaccion_general,negativa,Samsung A15,"Es un buen producto, lo malo que no trae cargador y trae un cable que no sirve para conectar con otro cargador."
satisfaccion_general,negativa,Samsung A15,"El celular es lindo buen tama√±o, dura bastante la bater√≠a, las fotos son lindas con buena luz, lo √∫nico que no me gust√≥ es que no se ven las notificaciones en la pantalla de bloqueo, por que no tiene el always on display."
satisfaccion_general,negativa,Samsung A15,"Es un hermoso celu, lo malo es que no viene con el cargador, osea solo viene el cable usb, el enchufe lo tenes q comprar aparte."
satisfaccion_general,negativa,Samsung A15,"Excelente producto,lo √∫nico malo, no trae cargador."
satisfaccion_general,negativa,Samsung A15,"Maso mejor es un a13,lo. Malo que solo viene con cable usb ,malisimo. ,desp un celu basico."
satisfaccion_general,negativa,Samsung A15,No es bueno. No lo recomiendo.
satisfaccion_general,negativa,Samsung A15,"No sali√≥ bueno este equipo, no lo recomiendo. Samsung est√° bajando la calidad dexsus tel√©fonos."
satisfaccion_general,negativa,Samsung A15,La verdad muy malo en ocasiones se tilda la verdad desde que lo compre tuve muchos problemas.
